,City,Cloudiness,Country,Date,Humidity,Lat,Lng,Max Temp,Wind Speed
0,ushuaia,20,AR,1585761812,66,-54.8,-68.3,53.6,7.11
1,hermanus,2,ZA,1585761812,69,-34.42,19.23,73.0,10.0
2,yaan,35,NG,1585761813,46,7.38,8.57,92.48,5.59
3,hilo,75,US,1585761813,82,19.73,-155.09,66.99,4.7
4,kapaa,75,US,1585761813,94,22.08,-159.32,68.0,4.7
5,new norfolk,90,AU,1585761813,87,-42.78,147.06,59.0,3.36
6,lata,75,PT,1585761814,87,40.16,-8.33,55.99,10.29
7,port elizabeth,65,ZA,1585761760,72,-33.92,25.57,62.6,2.24
8,provideniya,100,RU,1585761814,96,64.38,-173.3,20.44,5.39
9,albany,40,US,1585761814,37,42.6,-73.97,52.0,9.17
10,saldanha,0,ZA,1585761289,34,-33.01,17.94,80.6,14.99
11,saint-francois,0,FR,1585761815,30,46.42,3.91,57.2,3.36
12,mahebourg,40,MU,1585761800,94,-20.41,57.7,78.8,4.7
13,khatanga,100,RU,1585761815,94,71.97,102.5,5.5,10.51
14,east london,81,ZA,1585761723,66,-33.02,27.91,65.86,7.87
15,saku,91,JP,1585761816,99,36.22,138.48,45.0,8.43
16,honiara,75,SB,1585761602,100,-9.43,159.95,77.0,4.7
17,butaritari,23,KI,1585761635,76,3.07,172.79,83.28,11.03
18,mecca,1,SA,1585761621,46,21.43,39.83,81.14,2.1
19,elizabeth city,90,US,1585761817,71,36.29,-76.25,50.0,16.11
20,tuktoyaktuk,5,CA,1585761659,64,69.45,-133.04,1.4,13.87
21,mataura,57,NZ,1585761817,88,-46.19,168.86,53.01,1.01
22,bluff,57,NZ,1585761818,88,-46.6,168.33,53.01,1.01
23,zhezkazgan,65,KZ,1585761818,76,47.8,67.71,46.69,14.72
24,derbent,85,RU,1585761818,73,42.07,48.29,50.99,6.24
25,vanimo,100,PG,1585761818,82,-2.67,141.3,79.9,8.59
26,punta arenas,62,CL,1585761818,58,-53.15,-70.92,59.0,25.28
27,nouadhibou,97,MR,1585761819,68,20.93,-17.03,71.6,17.22
28,vaini,40,TO,1585761819,94,-21.2,-175.2,73.4,2.24
29,tecpan,40,GT,1585761819,50,14.76,-90.99,78.8,11.41
30,tommot,100,RU,1585761819,91,58.96,126.29,13.33,9.86
31,aksarka,99,RU,1585761819,96,66.56,67.8,17.87,14.72
32,busselton,95,AU,1585761820,91,-33.65,115.33,59.0,9.69
33,caetes,71,BR,1585761820,54,-8.77,-36.62,79.3,12.37
34,tasiilaq,20,GL,1585761820,52,65.61,-37.64,17.6,12.75
35,kavieng,96,PG,1585761668,79,-2.57,150.8,82.26,8.68
36,morondava,0,MG,1585761821,80,-20.28,44.28,78.21,11.18
37,cayenne,74,GF,1585761822,88,4.93,-52.33,78.8,6.93
38,batamshinskiy,74,KZ,1585761823,93,50.56,58.27,39.2,11.18
39,georgetown,20,MY,1585761824,88,5.41,100.34,82.4,3.36
40,avarua,75,CK,1585761638,88,-21.21,-159.78,80.6,10.29
41,liverpool,75,GB,1585761651,75,53.41,-2.98,48.99,12.75
42,rikitea,27,PF,1585761824,73,-23.12,-134.97,78.66,4.68
43,bengkulu,94,ID,1585761824,82,-3.8,102.27,78.39,3.89
44,kupang,1,ID,1585761650,72,-10.17,123.58,81.36,4.5
45,grand gaube,40,MU,1585761825,94,-20.01,57.66,78.8,4.7
46,hobart,90,AU,1585761619,87,-42.88,147.33,59.0,3.36
47,talnakh,75,RU,1585761716,84,69.49,88.4,6.8,6.71
48,iqaluit,75,CA,1585761826,49,63.75,-68.51,3.2,5.82
49,basco,87,PH,1585761826,87,20.45,121.97,75.76,26.35
50,port alfred,68,ZA,1585761826,86,-33.59,26.89,64.0,9.71
51,blagoyevo,77,RU,1585761826,92,63.37,47.92,15.04,2.93
52,chadiza,0,ZM,1585761826,62,-14.07,32.44,64.35,3.2
53,itoman,40,JP,1585761827,59,26.12,127.67,66.2,14.99
54,hofn,20,IS,1585761827,36,64.25,-15.21,30.2,25.28
55,ilulissat,20,GL,1585761827,54,69.22,-51.1,-0.4,12.75
56,oktyabrskiy,21,RU,1585761827,92,54.48,53.47,29.05,7.18
57,saskylakh,100,RU,1585761827,92,71.92,114.08,2.86,6.98
58,mitsamiouli,24,KM,1585761828,77,-11.38,43.28,83.8,16.26
59,souillac,40,MU,1585761663,94,-20.52,57.52,78.8,4.7
60,lebu,0,CL,1585761829,54,-37.62,-73.65,63.27,19.8
61,thompson,90,CA,1585761610,72,55.74,-97.86,17.6,9.17
62,puerto ayora,20,EC,1585761829,70,-0.74,-90.35,84.2,8.05
63,kruisfontein,7,ZA,1585761830,71,-34.0,24.73,60.06,9.91
64,raton,1,US,1585761830,22,36.9,-104.44,64.4,6.93
65,uenohara,20,JP,1585761830,82,35.62,139.12,60.01,4.7
66,bontang,95,ID,1585761830,86,0.13,117.5,79.16,6.06
67,samarinda,94,ID,1585761830,94,-0.5,117.15,75.0,1.36
68,yellowknife,75,CA,1585761652,53,62.46,-114.35,-2.0,9.17
69,canmore,90,CA,1585761831,65,51.08,-115.35,7.0,8.05
70,clyde river,90,CA,1585761831,77,70.47,-68.59,-0.4,21.92
71,bredasdorp,32,ZA,1585761831,63,-34.53,20.04,66.0,18.34
72,jamestown,1,US,1585761831,45,42.1,-79.24,46.4,8.05
73,peniche,40,PT,1585761832,71,39.36,-9.38,54.0,9.17
74,luderitz,0,NA,1585761832,49,-26.65,15.16,73.4,11.41
75,sao filipe,65,CV,1585761832,74,14.9,-24.5,75.61,16.53
76,grindavik,75,IS,1585761832,85,63.84,-22.43,24.8,26.4
77,bambous virieux,40,MU,1585761652,94,-20.34,57.76,78.8,4.7
78,airai,82,TL,1585761687,72,-8.93,125.41,60.67,1.23
79,ust-nera,99,RU,1585761833,81,64.57,143.2,3.69,1.68
80,hithadhoo,31,MV,1585761833,72,-0.6,73.08,83.77,7.78
81,pochutla,20,MX,1585761834,52,15.74,-96.47,91.0,9.17
82,atambua,29,ID,1585761834,79,-9.11,124.89,74.23,1.88
83,kaitangata,19,NZ,1585761657,88,-46.28,169.85,51.01,4.81
84,san carlos de bariloche,0,AR,1585761621,23,-41.15,-71.31,60.8,12.75
85,najran,5,SA,1585761835,25,17.49,44.13,84.2,5.82
86,north branch,1,US,1585761835,53,45.51,-92.98,51.01,12.75
87,itarema,100,BR,1585761671,84,-2.92,-39.92,82.71,10.58
88,rocha,100,UY,1585761686,71,-34.48,-54.33,72.52,12.68
89,nicoya,20,CR,1585761836,44,10.15,-85.45,93.2,11.41
90,atuona,91,PF,1585761836,78,-9.8,-139.03,81.99,12.01
91,husavik,75,IS,1585761836,46,66.04,-17.34,28.4,34.45
92,barrow,1,US,1585761601,84,71.29,-156.79,3.2,10.29
93,dannenberg,75,DE,1585761837,65,53.1,11.09,46.0,9.17
94,chesma,99,RU,1585761837,87,53.81,60.65,33.91,9.91
95,araouane,27,ML,1585761691,9,18.9,-3.53,92.98,8.05
96,malabo,75,GQ,1585761638,88,3.75,8.78,82.4,2.24
97,gondanglegi,92,ID,1585761837,88,-7.75,112.01,75.94,0.78
98,karachi,0,PK,1585761425,57,24.91,67.08,77.0,9.51
99,arraial do cabo,75,BR,1585761838,78,-22.97,-42.03,78.8,6.93
100,waw,67,SS,1585761839,19,7.7,28.0,92.97,3.09
101,nikolskoye,90,RU,1585761839,69,59.7,30.79,37.4,11.18
102,caimito,75,CO,1585761839,59,8.81,-75.41,89.6,10.69
103,sola,100,VU,1585761839,76,-13.88,167.55,80.55,5.57
104,abha,0,SA,1585761803,68,18.22,42.51,69.8,4.7
105,smolenka,0,RU,1585761840,47,52.14,113.5,37.4,20.13
106,tornio,40,FI,1585761840,68,65.85,24.15,26.6,4.7
107,encruzilhada do sul,59,BR,1585761840,66,-30.54,-52.52,77.22,6.31
108,cidreira,88,BR,1585761558,77,-30.18,-50.21,76.03,18.1
109,krasnaya gora,85,RU,1585761841,41,53.0,31.6,39.2,11.18
110,alekseyevsk,100,RU,1585761841,95,57.84,108.35,29.26,5.39
111,haizhou,99,CN,1585761841,50,34.58,119.13,47.39,1.7
112,rehti,0,IN,1585761842,16,22.73,77.43,83.25,5.59
113,ponta do sol,75,PT,1585761842,59,32.67,-17.1,62.6,6.93
114,montceau-les-mines,0,FR,1585761842,30,46.67,4.37,57.2,3.36
115,baker city,20,US,1585761842,64,44.77,-117.83,37.4,3.36
116,victoria,20,HK,1585761842,88,22.29,114.16,69.01,16.11
117,yatou,64,CN,1585761843,64,37.15,122.38,40.89,9.98
118,fare,67,PF,1585761843,76,-16.7,-151.02,83.1,11.5
119,rutland,20,US,1585761843,45,43.62,-73.02,48.99,10.29
120,norman wells,5,CA,1585761843,50,65.28,-126.83,6.8,16.11
121,puerto guzman,100,CO,1585761843,77,0.97,-76.59,74.62,1.83
122,avera,75,US,1585761844,41,33.19,-82.53,60.8,3.36
123,ribeira grande,100,PT,1585761844,83,38.52,-28.7,57.87,35.25
124,port hedland,85,AU,1585761845,65,-20.32,118.57,82.4,11.41
125,dikson,88,RU,1585761845,91,73.51,80.55,-8.48,12.73
126,saint anthony,1,US,1585761845,49,45.02,-93.22,51.01,14.99
127,ancud,1,CL,1585761845,59,-41.87,-73.82,62.6,3.36
128,tatarsk,16,RU,1585761846,92,55.22,75.98,30.18,11.77
129,longyearbyen,75,SJ,1585761846,60,78.22,15.64,6.8,20.8
130,castro,36,BR,1585761846,43,-24.79,-50.01,79.29,1.77
131,putyatino,58,RU,1585761846,80,54.16,41.12,32.92,10.8
132,shebalino,0,RU,1585761846,61,51.29,85.68,32.49,4.72
133,san martin,90,AR,1585761847,93,-33.08,-68.47,64.4,6.93
134,poum,59,NC,1585761847,82,-20.23,164.02,78.28,17.9
135,bilma,6,NE,1585761847,11,18.69,12.92,94.37,8.55
136,carnarvon,92,AU,1585761847,88,-24.87,113.63,71.6,14.99
137,klyuchevskiy,8,RU,1585761847,79,53.53,119.45,16.72,2.93
138,qaanaaq,100,GL,1585761653,81,77.48,-69.36,-1.75,11.39
139,smithers,5,CA,1585761602,66,54.78,-127.17,10.4,5.82
140,vestmannaeyjar,75,IS,1585761848,68,63.44,-20.27,30.2,42.5
141,saint-philippe,90,RE,1585761848,88,-21.36,55.77,78.8,4.7
142,cabo san lucas,5,MX,1585761707,44,22.89,-109.91,82.0,4.7
143,bien hoa,20,VN,1585761849,83,10.95,106.82,82.4,8.05
144,korla,100,CN,1585761849,32,41.76,86.15,48.24,7.34
145,paralimni,20,CY,1585761849,88,35.04,33.98,63.0,10.29
146,sur,1,OM,1585761850,71,22.57,59.53,76.14,2.51
147,severo-kurilsk,100,RU,1585761850,93,50.68,156.12,35.01,13.27
148,paamiut,100,GL,1585761850,87,61.99,-49.67,23.77,20.24
149,port lincoln,5,AU,1585761850,79,-34.73,135.87,60.71,0.72
150,mandalgovi,0,MN,1585761851,38,45.76,106.27,31.39,7.07
151,changli,0,CN,1585761851,54,39.7,119.15,42.69,8.03
152,mega,83,ET,1585761851,52,4.05,38.3,65.3,11.68
153,semey,0,KZ,1585761851,69,50.41,80.23,36.14,13.15
154,la libertad,75,EC,1585761851,65,-2.23,-80.9,82.4,6.93
155,dongsheng,4,CN,1585761852,38,39.82,109.98,32.36,3.91
156,libenge,54,CD,1585761852,61,3.65,18.63,82.06,1.92
157,naraini,0,IN,1585761852,16,25.18,80.48,84.88,6.71
158,egvekinot,90,RU,1585761852,94,66.32,-179.17,14.11,6.6
159,ngunguru,54,NZ,1585761853,98,-35.62,174.5,57.0,4.0
160,itapora,43,BR,1585761853,34,-22.08,-54.79,91.38,7.9
161,livramento,40,BR,1585761853,66,-3.03,-60.18,87.8,5.82
162,robertsport,57,LR,1585761853,76,6.75,-11.37,83.71,7.38
163,nanortalik,100,GL,1585761854,89,60.14,-45.24,32.95,4.14
164,cape town,0,ZA,1585761821,56,-33.93,18.42,73.0,6.93
165,toccoa,75,US,1585761854,43,34.58,-83.33,59.0,8.05
166,ertil,15,RU,1585761854,78,51.84,40.81,31.89,10.89
167,narsaq,75,GL,1585761854,47,60.92,-46.05,37.4,3.36
168,tiksi,82,RU,1585761855,86,71.69,128.87,-11.34,5.37
169,esperance,40,AU,1585761856,82,-33.87,121.9,62.6,10.29
170,santa maria,42,BR,1585761645,58,-29.68,-53.81,87.8,5.82
171,arman,70,RU,1585761857,89,59.7,150.17,13.53,4.63
172,upernavik,0,GL,1585761663,78,72.79,-56.15,-2.69,6.64
173,shieli,73,KZ,1585761857,57,44.17,66.75,54.48,9.53
174,sinazongwe,37,ZM,1585761857,54,-17.26,27.46,77.07,3.02
175,sikonge,75,TZ,1585761858,73,-5.63,32.77,75.2,2.08
176,taoudenni,12,ML,1585761776,10,22.68,-3.98,92.62,4.03
177,geraldton,40,AU,1585761685,73,-28.77,114.6,71.6,11.41
178,kitaibaraki,99,JP,1585761858,66,36.78,140.75,57.99,17.81
179,da nang,40,VN,1585761859,83,16.07,108.22,80.6,8.05
180,sistranda,40,NO,1585761814,86,63.73,8.83,39.99,24.16
181,vostok,0,RU,1585761859,83,46.49,135.88,24.55,4.54
182,bethel,75,US,1585761859,42,41.37,-73.41,52.0,8.05
183,vao,97,NC,1585761704,80,-22.67,167.48,75.02,15.21
184,san cristobal,40,VE,1585761860,55,7.77,-72.22,87.8,12.75
185,turukhansk,42,RU,1585761670,95,65.82,87.98,8.37,2.55
186,noumea,40,NC,1585761655,88,-22.28,166.46,69.8,1.12
187,minamata,8,JP,1585761861,71,32.22,130.4,50.0,15.99
188,two rivers,90,US,1585761862,75,44.15,-87.57,46.0,7.7
189,muswellbrook,61,AU,1585761862,87,-32.27,150.9,64.99,0.85
190,leningradskiy,83,RU,1585761694,93,69.38,178.42,4.98,3.67
191,camacha,20,PT,1585761697,51,33.08,-16.33,62.6,10.29
192,havelock,90,US,1585761863,66,34.88,-76.9,50.0,24.16
193,iquique,15,CL,1585761863,57,-20.22,-70.14,75.2,19.46
194,pangnirtung,20,CA,1585761863,47,66.15,-65.71,-11.2,2.53
195,ketchikan,1,US,1585761863,50,55.34,-131.65,33.8,5.82
196,ceyhan,40,TR,1585761863,77,37.02,35.82,61.0,4.7
197,nelson bay,53,AU,1585761864,93,-32.72,152.15,69.01,4.7
198,mandiana,48,GN,1585761864,11,10.63,-8.68,101.57,5.95
199,doha,0,QA,1585761783,47,25.29,51.53,78.01,5.82
200,okha,48,RU,1585761864,94,53.57,142.95,23.04,12.19
201,tsaratanana,30,MG,1585761864,72,-16.78,47.65,76.96,1.54
202,dharchula,38,IN,1585761865,30,29.85,80.53,52.93,6.6
203,tvedestrand,40,NO,1585761865,65,58.62,8.93,46.4,19.46
204,eyl,26,SO,1585761865,71,7.98,49.82,81.88,13.62
205,hongjiang,98,CN,1585761866,78,27.11,110.0,58.03,2.19
206,lufilufi,50,WS,1585761866,78,-13.87,-171.6,82.0,3.0
207,palora,90,EC,1585761867,73,-1.7,-77.93,77.0,3.36
208,paita,75,PE,1585761867,100,-5.09,-81.11,62.6,6.93
209,nome,75,US,1585761868,67,64.5,-165.41,21.2,16.11
210,aksay,8,RU,1585761868,27,47.26,39.87,39.99,6.71
211,labuhan,45,ID,1585761723,80,-6.88,112.21,79.74,1.61
212,amahai,96,ID,1585761868,80,-3.33,128.92,80.47,6.53
213,codrington,100,AU,1585761868,89,-38.27,141.97,58.44,9.33
214,pitimbu,40,BR,1585761869,66,-7.47,-34.81,87.8,12.75
215,belyy yar,0,RU,1585761869,68,53.6,91.39,28.4,2.24
216,torbay,90,CA,1585761676,93,47.67,-52.73,45.0,13.87
217,yar-sale,90,RU,1585761869,94,66.83,70.83,13.21,14.72
218,pavlovka,68,RU,1585761869,83,52.69,47.14,29.98,7.96
219,mar del plata,75,AR,1585761693,69,-38.0,-57.56,73.4,9.17
220,isangel,98,VU,1585761870,80,-19.55,169.27,79.84,5.7
221,gisborne,35,NZ,1585761871,89,-38.65,178.0,53.44,6.42
222,churapcha,100,RU,1585761871,95,62.0,132.43,19.42,13.67
223,pirapemas,100,BR,1585761872,95,-3.73,-44.22,77.79,3.69
224,santa isabel,21,BR,1585761698,61,-23.32,-46.22,82.0,5.82
225,caravelas,21,BR,1585761599,72,-17.71,-39.25,82.69,9.78
226,lerwick,49,GB,1585761630,71,60.15,-1.15,46.4,28.86
227,cap malheureux,40,MU,1585761873,94,-19.98,57.61,78.8,4.7
228,tambopata,38,PE,1585761873,41,-12.73,-69.18,94.19,1.9
229,antanifotsy,31,MG,1585761873,58,-19.65,47.32,61.07,3.11
230,bathsheba,75,BB,1585761873,61,13.22,-59.52,82.4,13.87
231,benguela,8,AO,1585761873,81,-12.58,13.41,78.24,4.36
232,kodiak,90,US,1585761636,94,57.79,-152.41,35.6,6.93
233,klaksvik,38,FO,1585761874,56,62.23,-6.59,42.8,33.33
234,dunedin,8,NZ,1585761874,88,-45.87,170.5,51.01,4.18
235,gazojak,38,TM,1585761874,43,41.19,61.4,59.22,4.7
236,hasaki,75,JP,1585761874,93,35.73,140.83,55.4,5.82
237,nan,0,TH,1585761875,30,18.83,100.67,80.42,0.76
238,saint george,1,US,1585761702,47,37.1,-113.58,63.0,3.36
239,tecoanapa,0,MX,1585761875,48,16.52,-98.75,88.02,10.54
240,verkhnyaya inta,100,RU,1585761875,92,65.98,60.31,24.21,21.32
241,guarapari,75,BR,1585761610,74,-20.67,-40.5,84.0,10.29
242,kushmurun,100,KZ,1585761718,94,52.45,64.63,38.97,10.2
243,hamilton,90,US,1585761656,62,39.18,-84.53,52.0,11.41
244,ambilobe,56,MG,1585761878,89,-13.2,49.05,77.2,2.08
245,lakatoro,100,VU,1585761878,87,-16.1,167.42,78.39,11.14
246,salalah,40,OM,1585761602,78,17.02,54.09,82.4,3.36
247,pindobacu,62,BR,1585761878,42,-10.74,-40.36,88.12,11.23
248,fairbanks,1,US,1585761581,60,64.84,-147.72,16.0,9.17
249,hurghada,0,EG,1585761879,31,27.26,33.81,75.2,4.7
250,cesme,20,TR,1585761757,71,38.32,26.31,55.4,3.91
251,reidsville,90,US,1585761688,57,36.35,-79.66,54.0,6.93
252,narok,93,KE,1585761879,48,-1.08,35.86,62.02,2.3
253,dareda,89,TZ,1585761880,57,-4.22,35.55,62.82,2.42
254,galesong,20,ID,1585761880,100,-5.32,119.37,77.0,3.36
255,saint pete beach,1,US,1585761880,46,27.73,-82.74,77.0,10.29
256,san patricio,5,MX,1585761664,62,19.22,-104.7,84.2,5.28
257,chara,20,RU,1585761880,73,56.91,118.26,1.6,5.39
258,ashtian,45,IR,1585761881,38,34.52,50.0,45.81,4.52
259,chokurdakh,87,RU,1585761881,91,70.63,147.92,-3.41,2.42
260,lagoa,100,PT,1585761671,76,39.05,-27.98,57.67,28.86
261,tynda,57,RU,1585761881,82,55.17,124.72,9.77,12.06
262,hearst,96,CA,1585761876,92,49.68,-83.67,32.29,6.13
263,mumford,60,GH,1585761883,82,5.26,-0.76,82.22,13.87
264,kurchum,0,KZ,1585761883,44,48.57,83.65,43.16,17.31
265,mocuba,1,MZ,1585761884,85,-16.84,36.99,69.19,3.89
266,acapulco,5,MX,1585761884,66,16.86,-99.89,86.0,6.93
267,beringovskiy,55,RU,1585761672,95,63.05,179.32,16.48,7.83
268,olafsvik,97,IS,1585761885,93,64.89,-23.71,25.25,20.76
269,roshni-chu,100,RU,1585761885,62,43.09,45.45,55.4,11.18
270,nantucket,75,US,1585761706,82,41.28,-70.1,43.0,23.04
271,novo aripuana,69,BR,1585761886,61,-5.12,-60.38,90.41,1.7
272,tigil,100,RU,1585761886,97,57.8,158.67,22.26,5.64
273,malanje,84,AO,1585761886,62,-9.54,16.34,70.92,3.18
274,lethem,71,GY,1585761887,36,3.38,-59.8,96.06,8.14
275,nabire,100,ID,1585761887,91,-3.37,135.48,75.27,2.62
276,cherskiy,28,RU,1585761887,87,68.75,161.3,-2.33,4.65
277,atar,93,MR,1585761888,14,20.52,-13.05,98.26,17.76
278,agadez,0,NE,1585761888,9,19.75,10.25,90.63,9.08
279,bosaso,94,SO,1585761888,74,11.28,49.18,82.54,8.46
280,llanes,94,ES,1585761889,89,43.42,-4.75,57.99,5.1
281,vangaindrano,29,MG,1585761889,89,-23.35,47.6,73.49,4.34
282,ushtobe,100,KZ,1585761889,52,45.25,77.98,54.99,7.47
283,khandyga,100,RU,1585761889,91,62.67,135.6,15.69,3.22
284,dingle,9,PH,1585761889,81,11.0,122.67,78.75,7.52
285,mayo,90,US,1585761752,57,38.89,-76.51,52.0,6.93
286,wismar,20,DE,1585761890,75,53.9,11.47,45.0,10.29
287,tazovskiy,3,RU,1585761890,93,67.47,78.7,-0.83,5.23
288,opuwo,0,NA,1585761667,25,-18.06,13.84,77.94,5.12
289,mopti,9,ML,1585761890,9,14.67,-4.0,101.89,10.02
290,moose factory,1,CA,1585761891,44,51.26,-80.61,41.0,9.17
291,xifeng,0,CN,1585761891,55,42.74,124.72,38.3,8.39
292,qarayeri,75,AZ,1585761891,55,40.79,46.31,62.6,23.04
293,nsanje,0,MW,1585761891,69,-16.92,35.26,73.8,6.78
294,svobodnyy,61,RU,1585761891,76,51.4,128.13,35.26,17.18
295,avdon,75,RU,1585761892,69,54.67,55.72,35.01,13.42
296,coihaique,40,CL,1585761645,54,-45.58,-72.07,59.0,8.05
297,zyryanka,93,RU,1585761892,91,65.75,150.85,0.68,1.25
298,whitehorse,5,CA,1585761893,76,60.72,-135.05,10.0,0.31
299,vila velha,75,BR,1585761656,74,-20.33,-40.29,84.0,11.41
300,yamada,100,JP,1585761894,90,39.47,141.95,47.97,19.73
301,coquimbo,75,CL,1585761894,82,-29.95,-71.34,62.6,12.75
302,havre-saint-pierre,90,CA,1585761894,86,50.23,-63.6,39.2,8.05
303,lorengau,72,PG,1585761895,79,-2.02,147.27,82.15,7.34
304,melfi,27,IT,1585761895,36,41.0,15.65,48.2,21.92
305,whyalla,2,AU,1585761895,87,-33.03,137.58,57.2,5.82
306,hobyo,8,SO,1585761895,77,5.35,48.53,83.14,13.29
307,skelleftea,80,SE,1585761856,63,64.75,20.95,30.2,5.82
308,frankenthal,0,DE,1585761896,27,49.54,8.36,54.0,4.7
309,temyasovo,40,RU,1585761896,93,52.99,58.1,35.6,8.95
310,constitucion,0,CL,1585761896,35,-35.33,-72.42,69.48,19.26
311,bukachacha,10,RU,1585761896,80,52.98,116.92,18.7,2.44
312,trinidad,49,BO,1585761720,50,-14.83,-64.9,94.19,0.74
313,berlevag,40,NO,1585761897,73,70.86,29.09,26.6,24.16
314,dormidontovka,0,RU,1585761897,78,47.77,134.91,34.57,6.96
315,wad rawah,6,SD,1585761898,10,15.16,33.14,90.88,11.14
316,general roca,0,AR,1585761804,26,-39.03,-67.58,71.6,14.99
317,yuli,70,NG,1585761899,22,9.7,10.27,98.47,2.64
318,wasilla,1,US,1585761899,35,61.58,-149.44,24.01,11.41
319,bonavista,97,CA,1585761899,85,48.65,-53.11,35.01,3.0
320,olinda,75,BR,1585761899,83,-8.01,-34.86,80.6,8.05
321,raudeberg,40,NO,1585761900,65,61.99,5.14,44.6,18.34
322,makakilo city,1,US,1585761900,100,21.35,-158.09,69.01,6.93
323,prince rupert,1,CA,1585761900,40,54.32,-130.32,33.8,4.43
324,rio gallegos,62,AR,1585761900,34,-51.62,-69.22,64.4,6.93
325,mbamba,98,NG,1585761900,16,9.98,13.1,93.04,1.72
326,mopipi,98,BW,1585761687,22,-21.18,24.88,82.44,3.69
327,te anau,1,NZ,1585761901,75,-45.42,167.72,50.23,0.98
328,panguna,100,PG,1585761901,79,-6.32,155.48,71.44,3.76
329,tuyen quang,66,VN,1585761901,83,21.82,105.22,71.49,1.32
330,ukiah,1,US,1585761901,57,39.15,-123.21,55.0,4.7
331,port moresby,75,PG,1585761902,100,-9.44,147.18,77.0,6.93
332,gornopravdinsk,100,RU,1585761902,90,60.05,69.9,34.05,9.55
333,yeppoon,4,AU,1585761902,88,-23.13,150.73,69.8,4.7
334,rupert,90,US,1585761902,59,42.62,-113.68,35.6,11.41
335,ambatondrazaka,24,MG,1585761903,73,-17.83,48.42,69.87,4.45
336,ust-maya,94,RU,1585761903,95,60.42,134.53,15.31,5.5
337,chuy,97,UY,1585761657,73,-33.7,-53.46,73.6,14.09
338,waingapu,8,ID,1585761904,75,-9.66,120.26,78.84,2.48
339,glenwood springs,75,US,1585761905,26,39.55,-107.32,55.4,9.17
340,jumla,36,NP,1585761905,30,29.27,82.18,42.21,1.83
341,andenes,22,NO,1585761905,68,69.31,16.12,30.2,11.41
342,sunbury,75,AU,1585761905,100,-37.58,144.73,63.0,5.82
343,faanui,75,PF,1585761778,76,-16.48,-151.75,82.47,11.79
344,maceio,75,BR,1585761898,66,-9.67,-35.74,86.0,12.75
345,yurty,50,RU,1585761906,81,56.05,97.63,34.16,6.08
346,broome,40,US,1585761906,56,42.25,-75.83,48.0,5.82
347,adolfo ruiz cortines,75,MX,1585761906,53,25.75,-108.75,78.01,6.49
348,lompoc,0,US,1585761821,82,34.64,-120.46,68.0,8.05
349,westport,20,US,1585761906,37,41.14,-73.36,52.0,11.41
350,north bend,90,US,1585761907,93,43.41,-124.22,45.0,9.17
351,omsukchan,45,RU,1585761907,79,62.53,155.8,1.63,5.88
352,calama,0,CL,1585761907,12,-22.47,-68.93,75.2,18.34
353,sabang,18,ID,1585761907,72,5.89,95.32,82.81,4.41
354,nyurba,8,RU,1585761908,90,63.28,118.33,-1.52,3.74
355,anito,23,PH,1585761908,83,12.45,125.29,77.88,8.34
356,cabedelo,40,BR,1585761908,66,-6.98,-34.83,87.8,12.75
357,taiobeiras,2,BR,1585761909,43,-15.81,-42.23,81.77,5.03
358,russell,1,US,1585761910,42,32.35,-85.2,64.99,9.17
359,buta,52,CD,1585761910,74,2.79,24.73,75.52,0.85
360,bereda,40,ES,1585761910,76,43.27,-7.54,57.0,6.93
361,iwanai,100,JP,1585761910,79,42.97,140.51,40.12,4.83
362,katsuura,75,JP,1585761657,87,35.13,140.3,57.2,12.75
363,wajima,100,JP,1585761911,76,37.4,136.9,46.92,15.35
364,tuatapere,47,NZ,1585761911,88,-46.13,167.68,53.01,1.01
365,kitui,84,KE,1585761911,63,-1.37,38.01,69.89,0.76
366,kaili,100,ID,1585761911,69,-3.46,120.21,71.47,5.32
367,nemuro,100,JP,1585761912,97,43.32,145.57,37.31,15.05
368,ust-ishim,100,RU,1585761912,94,57.69,71.17,32.54,10.31
369,maracaibo,30,VE,1585761625,51,10.63,-71.64,89.44,1.57
370,kloulklubed,75,PW,1585761913,83,7.04,134.26,80.6,6.93
371,bubaque,12,GW,1585761913,69,11.28,-15.83,79.88,21.05
372,kargasok,100,RU,1585761914,95,59.06,80.86,30.96,10.09
373,baykit,100,RU,1585761914,93,61.67,96.37,30.51,6.22
374,salinas,20,US,1585761647,66,36.68,-121.66,59.0,6.93
375,san-pedro,100,CI,1585761915,82,4.75,-6.64,83.32,8.03
376,hokitika,0,NZ,1585761915,72,-42.72,170.97,54.81,5.23
377,tungor,44,RU,1585761915,94,53.38,142.96,23.2,11.63
378,gravdal,40,NO,1585761915,59,68.12,13.5,33.8,8.05
379,conceicao da barra,33,BR,1585761916,67,-18.59,-39.73,83.55,9.89
380,iracoubo,62,GF,1585761916,74,5.48,-53.2,81.3,13.2
381,palermo,39,IT,1585761916,66,37.82,13.58,55.0,19.46
382,galveston,20,US,1585761916,49,29.37,-94.97,73.99,13.87
383,helena,90,US,1585761917,61,46.59,-112.04,19.0,13.87
384,komsomolskiy,40,UZ,1585761917,71,40.43,71.72,53.6,9.17
385,sao gabriel da cachoeira,75,BR,1585761917,74,-0.13,-67.09,82.4,3.36
386,alofi,62,NU,1585761682,100,-19.06,-169.92,75.2,1.12
387,yuanping,67,CN,1585761919,55,38.72,112.76,38.03,1.05
388,marawi,2,PH,1585761920,71,8.0,124.29,68.07,2.95
389,kirakira,100,SB,1585761920,88,-10.45,161.92,78.8,11.52
390,kutum,45,SD,1585761905,11,14.2,24.67,79.12,5.12
391,bam,0,IR,1585761921,20,29.11,58.36,66.78,0.27
392,lake havasu city,1,US,1585761785,30,34.48,-114.32,75.0,3.36
393,seinajoki,8,FI,1585761921,91,62.79,22.83,33.8,2.24
394,hami,0,CN,1585761921,31,42.8,93.45,46.22,11.77
395,porto santo,20,PT,1585761921,51,33.07,-16.34,62.6,10.29
396,herat,0,AF,1585761922,71,34.5,62.0,55.4,2.24
397,rosenberg,2,SK,1585761922,33,49.07,19.31,42.8,4.7
398,verkhnetulomskiy,40,RU,1585761922,79,68.61,31.8,23.0,4.47
399,plouzane,75,FR,1585761922,66,48.38,-4.62,53.6,18.34
400,faya,2,SA,1585761922,68,18.39,42.45,69.8,4.7
401,palma,6,ES,1585761788,82,39.57,2.65,63.0,13.87
402,tiarei,33,PF,1585761923,74,-17.53,-149.33,78.8,2.24
403,college,40,US,1585761666,64,64.86,-147.8,21.2,5.82
404,ucluelet,20,CA,1585761923,93,48.93,-125.55,43.0,2.24
405,hualmay,99,PE,1585761923,61,-11.1,-77.61,79.09,8.52
406,maniitsoq,0,GL,1585761924,77,65.42,-52.9,13.42,5.1
407,el tigre,56,VE,1585761924,28,8.89,-64.25,94.28,6.64
408,santa cecilia,45,BR,1585761924,57,-26.96,-50.43,73.76,2.55
409,pereira barreto,69,BR,1585761924,52,-20.64,-51.11,87.84,0.58
410,zemio,45,CF,1585761925,39,5.03,25.14,83.43,2.01
411,kars,75,TR,1585761925,86,40.6,43.09,41.0,27.51
412,lensk,28,RU,1585761926,89,60.73,114.93,6.06,4.21
413,kavaratti,42,IN,1585761926,74,10.57,72.64,83.93,10.18
414,charyshskoye,0,RU,1585761926,61,51.4,83.56,37.2,3.8
415,gardabani,90,GE,1585761927,81,41.46,45.09,53.6,9.17
416,mtwara,40,TZ,1585761927,88,-10.27,40.18,80.6,5.82
417,nayoro,100,JP,1585761927,80,44.35,142.46,35.69,8.7
418,brae,60,GB,1585761927,65,60.4,-1.35,46.4,27.51
419,yumen,0,CN,1585761928,35,40.28,97.2,34.97,17.6
420,djambala,94,CG,1585761928,70,-2.54,14.75,72.64,7.27
421,dicabisagan,31,PH,1585761928,84,17.08,122.42,77.32,4.32
422,pampa,1,US,1585761928,51,35.54,-100.96,66.0,26.4
423,pisco,59,PE,1585761928,30,-13.7,-76.22,79.0,10.29
424,pimentel,75,PE,1585761929,29,-6.84,-79.93,66.2,5.82
425,harper,99,LR,1585761870,78,4.38,-7.72,84.25,7.27
426,witu,52,KE,1585761929,80,-2.39,40.44,82.71,8.52
427,augusto correa,99,BR,1585761930,92,-1.02,-46.63,78.48,3.94
428,la puebla de cazalla,75,ES,1585761931,87,37.22,-5.31,60.01,13.87
429,villamontes,43,BO,1585761931,31,-21.25,-63.5,97.25,11.43
430,karratha,83,AU,1585761931,40,-20.74,116.85,82.72,13.04
431,meulaboh,100,ID,1585761931,80,4.14,96.13,79.43,4.36
432,copperas cove,20,US,1585761932,59,31.12,-97.9,70.0,9.17
433,gbarnga,93,LR,1585761932,78,7.0,-9.47,80.89,1.14
434,xingtai,100,CN,1585761932,71,37.06,114.49,45.0,2.19
435,deputatskiy,97,RU,1585761932,79,69.3,139.9,-4.74,3.02
436,matagami,40,CA,1585761933,42,49.75,-77.63,44.6,6.93
437,ormara,0,PK,1585761933,64,25.21,64.64,76.39,9.46
438,pout,12,SN,1585761933,30,14.77,-17.06,95.0,24.16
439,dmanisi,90,GE,1585761933,81,41.53,44.35,53.6,9.17
440,linxia,100,CN,1585761933,44,35.6,103.21,37.24,5.61
441,dali,0,CN,1585761934,20,25.7,100.18,50.94,3.71
442,sfantu gheorghe,20,RO,1585761774,54,45.87,25.78,37.0,3.53
443,progreso,75,MX,1585761934,46,21.28,-89.67,93.0,6.44
444,adrar,100,MR,1585761694,16,20.5,-10.07,94.51,9.84
445,sayyan,95,YE,1585761934,25,15.17,44.32,66.65,7.56
446,malpe,20,IN,1585761935,79,13.35,74.72,86.0,2.51
447,betafo,20,MG,1585761936,59,-19.83,46.85,62.8,2.73
448,beboto,98,TD,1585761936,15,8.27,16.94,93.52,4.0
449,turan,40,VN,1585761848,88,16.07,108.22,80.6,8.05
450,ostrovnoy,100,RU,1585761937,96,68.05,39.51,21.34,10.27
451,aklavik,5,CA,1585761712,54,68.22,-135.01,10.4,5.82
452,pevek,45,RU,1585761937,88,69.7,170.31,-5.04,2.24
453,quixada,95,BR,1585761937,61,-4.97,-39.02,85.91,7.09
454,myitkyina,0,MM,1585761937,29,25.38,97.4,72.43,2.64
455,tezu,25,IN,1585761938,45,27.92,96.17,68.92,4.88
456,porto belo,40,BR,1585761938,74,-27.16,-48.55,84.2,11.41
457,morant bay,20,JM,1585761938,62,17.88,-76.41,84.2,9.17
458,richards bay,73,ZA,1585761938,73,-28.78,32.04,71.53,20.96
459,muyezerskiy,89,RU,1585761938,94,63.93,31.65,23.95,8.16
460,kiunga,100,PG,1585761939,97,-6.12,141.29,73.74,4.09
461,hambantota,0,LK,1585761939,74,6.12,81.12,78.96,11.81
462,diego de almagro,38,CL,1585761939,20,-26.37,-70.05,83.3,12.06
463,diamantino,20,BR,1585761939,46,-14.41,-56.45,91.11,3.2
464,yangambi,54,CD,1585761939,61,0.81,24.43,80.49,1.14
465,san jose,40,US,1585761807,62,37.34,-121.89,57.99,10.29
466,merauke,100,ID,1585761941,88,-8.47,140.33,78.98,6.62
467,acoua,13,YT,1585761941,74,-12.72,45.06,84.2,9.17
468,hanzhong,97,CN,1585761942,54,33.07,107.03,56.3,2.15
469,mataram,20,ID,1585761942,94,-8.58,116.12,77.0,7.09
470,quime,46,BO,1585761942,23,-16.98,-67.22,64.54,5.26
471,camana,49,PE,1585761942,64,-16.62,-72.71,77.47,9.53
472,kautokeino,97,NO,1585761943,88,69.01,23.04,12.36,8.61
473,bamiantong,0,CN,1585761943,67,44.93,130.53,34.97,6.33
474,solnechnyy,75,RU,1585761943,81,50.72,136.63,31.26,3.78
475,ugoofaaru,9,MV,1585761944,74,5.67,73.0,84.58,6.53
476,ronne,99,DK,1585761944,93,55.1,14.71,42.8,26.4
477,aitape,100,PG,1585761784,83,-3.14,142.35,80.02,9.28
478,ginda,9,IN,1585761944,34,30.69,78.49,45.82,6.15
479,evensk,9,RU,1585761944,88,61.95,159.23,3.24,6.55
480,sitka,1,US,1585761945,83,57.05,-135.33,32.0,4.7
481,willowmore,66,ZA,1585761946,59,-33.29,23.49,55.72,13.69
482,atlantis,0,ZA,1585761946,56,-33.57,18.48,73.0,6.93
483,auki,100,SB,1585761946,81,-8.77,160.7,81.03,7.23
484,naze,20,JP,1585761947,63,28.37,129.48,64.4,12.75
485,shemonaikha,0,KZ,1585761947,75,50.63,81.91,32.58,5.82
486,gorodishche,2,RU,1585761947,42,48.8,44.47,30.0,8.95
487,aykhal,38,RU,1585761948,60,66.0,111.5,5.0,4.47
488,aswan,8,EG,1585761948,15,24.09,32.91,82.4,8.05
489,carutapera,100,BR,1585761948,82,-1.2,-46.02,80.19,6.06
490,lianzhou,86,CN,1585761948,75,24.78,112.38,61.12,1.41
491,fortuna,1,US,1585761653,75,40.6,-124.16,50.0,13.87
492,hirara,95,JP,1585761949,77,24.8,125.28,66.22,17.18
493,cerkezkoy,75,TR,1585761949,81,41.28,28.0,45.0,17.22
494,nizhnyaya omka,48,RU,1585761949,94,55.43,74.94,30.34,11.18
495,owerri,75,NG,1585761950,94,5.48,7.03,75.2,6.93
496,kieta,100,PG,1585761950,78,-6.22,155.63,79.84,4.5
497,ouahigouya,39,BF,1585761950,9,13.58,-2.42,101.43,8.3
498,mount gambier,90,AU,1585761659,82,-37.83,140.77,57.2,9.17
499,votkinsk,84,RU,1585761950,63,57.05,53.99,28.0,1.01
500,beian,40,NO,1585761694,86,63.66,9.57,39.99,24.16
501,srednekolymsk,56,RU,1585761951,92,67.45,153.68,-3.6,1.83
502,namibe,6,AO,1585761680,73,-15.2,12.15,75.2,23.04
503,ranong,0,TH,1585761952,78,9.97,98.63,80.06,3.89
504,kushima,0,JP,1585761952,71,31.46,131.23,50.0,15.99
505,mehamn,40,NO,1585761952,58,71.04,27.85,30.2,10.29
506,kaduna,74,NG,1585761938,25,10.52,7.44,91.72,8.61
507,goderich,77,CA,1585761953,82,43.75,-81.72,50.0,13.8
508,valera,83,VE,1585761953,43,9.32,-70.6,87.33,3.6
509,busdi,9,PH,1585761786,78,8.28,125.25,66.47,0.65
510,vadso,75,NO,1585761954,85,70.07,29.75,26.6,18.34
511,iralaya,40,HN,1585761954,66,15.0,-83.23,87.8,6.96
512,sarkand,86,KZ,1585761954,35,45.41,79.92,49.17,4.94
513,marmaris,32,TR,1585761816,59,36.85,28.27,62.6,3.36
514,iaciara,39,BR,1585761955,57,-14.1,-46.63,84.2,2.57
515,abalak,100,RU,1585761955,94,58.13,68.59,33.62,10.87
516,savannah bight,1,HN,1585761955,75,16.45,-85.85,79.93,6.98
517,killam,42,CA,1585761955,64,52.78,-111.85,7.0,3.0
518,caernarfon,89,GB,1585761956,66,53.14,-4.27,48.99,12.75
519,padang,99,ID,1585761956,75,-0.95,100.35,79.9,1.63
520,canutama,100,BR,1585761957,51,-6.53,-64.38,92.23,0.85
521,diu,0,IN,1585761957,58,20.71,70.98,79.72,12.66
522,rivadavia,90,AR,1585761957,93,-33.19,-68.46,64.4,6.93
523,saint-ambroise,75,CA,1585761958,80,48.55,-71.33,35.6,6.93
524,burnie,100,AU,1585761692,82,-41.07,145.92,57.99,11.01
525,orcopampa,72,PE,1585761784,16,-15.27,-72.34,58.39,8.7
526,serafimovich,54,RU,1585761958,46,49.58,42.74,27.0,6.82
527,changde,99,CN,1585761958,79,29.05,111.68,57.52,5.14
528,henties bay,3,NA,1585761667,89,-22.12,14.28,62.01,4.0
529,xam nua,26,LA,1585761959,70,20.42,104.04,65.82,3.27
530,kudahuvadhoo,30,MV,1585761666,75,2.67,72.89,84.31,10.49
531,namatanai,100,PG,1585761683,77,-3.67,152.43,81.16,6.76
532,shache,100,CN,1585761959,24,38.42,77.24,51.28,5.64
533,pafos,40,CY,1585761833,77,34.77,32.42,62.6,11.41
534,puerto del rosario,20,ES,1585761960,68,28.5,-13.86,68.0,6.93
535,taldan,91,RU,1585761960,81,53.67,124.8,17.62,15.86
536,sabzevar,20,IR,1585761960,34,36.21,57.68,58.19,5.1
537,santa maria do para,99,BR,1585761960,92,-1.35,-47.58,78.13,7.7
538,jiangkou,75,CN,1585761961,72,25.49,119.2,59.0,8.95
539,akhmim,0,EG,1585761961,28,26.56,31.75,73.4,11.41
540,tessalit,95,ML,1585761961,9,20.2,1.01,88.0,9.93
541,nizhniy tsasuchey,29,RU,1585761962,61,50.52,115.13,34.93,14.38
542,opunake,1,NZ,1585761962,75,-39.46,173.86,51.01,13.0
543,lisala,47,CD,1585761963,65,2.15,21.52,79.88,1.88
